Name,0
String,boolean
Zhendi Cao,
Liang Chen,
Qing Chen,
Rmoney Chen,
Sergei Chumak,
Jason Dou,
Fan Fang,
Nigel Goh,
Andrew Gordon,
Donghang Huang,
Shan Huang,
Jeff Jiang,
Shelly Li,
Chen Liu,
Lina Lu,
Frieda Ma,
Kelvin Pan,
Vladislav Perge,
ZiQin Qu,
Shawn Su,
Qianyue Sun,
Nicole Wan,
Connie Wang,
Wiksy Wang,
Tao Wei,
KaiQi Xu,
Shunyao Ye,
Chaohua Yuan,
Fawkes Zhang,
Bokun Zhao,
Min Zhou,
Ting Zong,
---,
Fei Chang,
John Cipriani,
Visa Forsten,
Jingyu Li,
Xiaojie Li,
Zichen Li,
Zhuoyang Liu,
Chi Moon Hwang,
Aki Immonen,
Xiaoxi Jiang,
Shouhui Jin,
Janne Juhola,
Aleksei Kalibin,
Woohyun Kim,
Damien Mabin,
Antti Mattila,
Jani Niittukari,
Andy Park,
Mengxi Qi,
Eric Reimer,
Billy Ren,
Heikki Salokanto,
Jari Sukanen,
Mengbi Sun,
LiyanTang,
Ewan Thonger,
Emily Tierney,
Nadya Volchetskaya,
Xin Wang,
Linshuang Xiang,
Qian Wu,
Jim Yang,
Sami Yliharju,
HaoYu Zhang,
Trout Zhang,
Yu Zhang,
