Name,EventName,BankFile
string,string,string
bat_buff_speedup,event:/Battle/Common/bat_buff/bat_buff_speedup,bat_buff
bat_buff_dizzy,event:/Battle/Common/bat_buff/bat_buff_dizzy,bat_buff
bat_buff_invisible,event:/Battle/Common/bat_buff/bat_buff_invisible,bat_buff
bat_buff_damageup,event:/Battle/Common/bat_buff/bat_buff_damageup,bat_buff
bat_buff_invisible_skin,event:/Battle/Common/bat_buff/bat_buff_invisible_skin,bat_buff
bat_buff_energyfull,event:/Battle/Common/bat_buff/bat_buff_energyfull,bat_buff
bat_buff_defense,event:/Battle/Common/bat_buff/bat_buff_defense,bat_buff
bat_buff_immune,event:/Battle/Common/bat_buff/bat_buff_immune,bat_buff
bat_buff_dizzy_special01,event:/Battle/Common/bat_buff/bat_buff_dizzy_special01,bat_buff
bat_buff_burnenergy,event:/Battle/Common/bat_buff/bat_buff_burnenergy,bat_buff
bat_common_jump_move,event:/Battle/Common/bat_common/bat_common_jump_move,bat_common
bat_common_cd_4,event:/Battle/Common/bat_common/bat_common_cd_4,bat_common
bat_common_unit_jumpfly_fall,event:/Battle/Common/bat_common/bat_common_unit_jumpfly_fall,bat_common
bat_common_death_3p,event:/Battle/Common/bat_common/bat_common_death_3p,bat_common
bat_common_wizard_move,event:/Battle/Common/bat_common/bat_common_wizard_move,bat_common
bat_common_cd_5,event:/Battle/Common/bat_common/bat_common_cd_5,bat_common
bat_common_cd_1,event:/Battle/Common/bat_common/bat_common_cd_1,bat_common
bat_common_death_1p,event:/Battle/Common/bat_common/bat_common_death_1p,bat_common
bat_common_cd_3,event:/Battle/Common/bat_common/bat_common_cd_3,bat_common
bat_common_healer_move,event:/Battle/Common/bat_common/bat_common_healer_move,bat_common
bat_common_goblin_move,event:/Battle/Common/bat_common/bat_common_goblin_move,bat_common
bat_common_cd_2,event:/Battle/Common/bat_common/bat_common_cd_2,bat_common
bat_common_unit_jumpfly,event:/Battle/Common/bat_common/bat_common_unit_jumpfly,bat_common
bat_common_move,event:/Battle/Common/bat_common/bat_common_move,bat_common
bat_hit_magic_impact_zaplight,event:/Battle/Common/bat_hit/bat_hit_magic_impact_zaplight,bat_hit
bat_hit_ghostslash,event:/Battle/Common/bat_hit/bat_hit_ghostslash,bat_hit
bat_hit_magic_impact,event:/Battle/Common/bat_hit/bat_hit_magic_impact,bat_hit
bat_hit_firegun,event:/Battle/Common/bat_hit/bat_hit_firegun,bat_hit
bat_hit_pellow,event:/Battle/Common/bat_hit/bat_hit_pellow,bat_hit
bat_hit_magic_arrow,event:/Battle/Common/bat_hit/bat_hit_magic_arrow,bat_hit
bat_hit_slash_barbking,event:/Battle/Common/bat_hit/bat_hit_slash_barbking,bat_hit
bat_hit_magic_slash,event:/Battle/Common/bat_hit/bat_hit_magic_slash,bat_hit
bat_hit_electric,event:/Battle/Common/bat_hit/bat_hit_electric,bat_hit
bat_hit_waterslash,event:/Battle/Common/bat_hit/bat_hit_waterslash,bat_hit
bat_hit_kongfu,event:/Battle/Common/bat_hit/bat_hit_kongfu,bat_hit
bat_hit_slash,event:/Battle/Common/bat_hit/bat_hit_slash,bat_hit
bat_hit_isolate,event:/Battle/Common/bat_hit/bat_hit_isolate,bat_hit
bat_hit_rock,event:/Battle/Common/bat_hit/bat_hit_rock,bat_hit
bat_hit_block,event:/Battle/Common/bat_hit/bat_hit_block,bat_hit
bat_hit_stab,event:/Battle/Common/bat_hit/bat_hit_stab,bat_hit
bat_hit_arrow,event:/Battle/Common/bat_hit/bat_hit_arrow,bat_hit
bat_hit_bigfist,event:/Battle/Common/bat_hit/bat_hit_bigfist,bat_hit
bat_hit_fire,event:/Battle/Common/bat_hit/bat_hit_fire,bat_hit
bat_hit_hammer,event:/Battle/Common/bat_hit/bat_hit_hammer,bat_hit
bat_hit_keyboard_arrow,event:/Battle/Common/bat_hit/bat_hit_keyboard_arrow,bat_hit
bat_hit_boss_rockfist,event:/Battle/Common/bat_hit/bat_hit_boss/bat_hit_boss_rockfist,bat_hit
bat_skill_throwshield,event:/Battle/Common/bat_skill/bat_skill_throwshield,bat_skill
bat_skill_hookhit,event:/Battle/Common/bat_skill/bat_skill_hookhit,bat_skill
bat_skill_punch,event:/Battle/Common/bat_skill/bat_skill_punch,bat_skill
bat_skill_boss_lavaball,event:/Battle/Common/bat_skill/bat_skill_boss/bat_skill_boss_lavaball,bat_skill
bat_skill_burst,event:/Battle/Common/bat_skill/bat_skill_burst,bat_skill
bat_skill_helmet,event:/Battle/Common/bat_skill/bat_skill_helmet,bat_skill
bat_skill_boss_lavafire,event:/Battle/Common/bat_skill/bat_skill_boss/bat_skill_boss_lavafire,bat_skill
bat_skill_block,event:/Battle/Common/bat_skill/bat_skill_block,bat_skill
bat_skill_firegun,event:/Battle/Common/bat_skill/bat_skill_firegun,bat_skill
bat_skill_explode,event:/Battle/Common/bat_skill/bat_skill_explode,bat_skill
bat_skill_zap,event:/Battle/Common/bat_skill/bat_skill_zap,bat_skill
bat_skill_slash,event:/Battle/Common/bat_skill/bat_skill_slash,bat_skill
bat_skill_bighammer,event:/Battle/Common/bat_skill/bat_skill_bighammer,bat_skill
jingle_openchest_loop,event:/BGM/jingle_openchest_loop,bgm_jingle
ducking_bgm,snapshot:/ducking_bgm,bgm_jingle
c_p_archer_atk_shot,event:/Battle/Piece/c_p_archer/c_p_archer_atk_shot,c_p_archer
c_p_archerqueen_atk_shot,event:/Battle/Piece/c_p_archerqueen/c_p_archerqueen_atk_shot,c_p_archerqueen
c_p_archerqueen_skill_power_full,event:/Battle/Piece/c_p_archerqueen/c_p_archerqueen_skill_power_full,c_p_archerqueen
c_p_barbari-hen_atk_drop,event:/Battle/Piece/c_p_barbarians/c_p_barbari-hen_atk_drop,c_p_barbarians
c_p_barbarians_move,event:/Battle/Piece/c_p_barbarians/c_p_barbarians_move,c_p_barbarians
c_p_barbarians_atk_pickup,event:/Battle/Piece/c_p_barbarians/c_p_barbarians_atk_pickup,c_p_barbarians
c_p_barbarians_atk_roar,event:/Battle/Piece/c_p_barbarians/c_p_barbarians_atk_roar,c_p_barbarians
c_p_barbari-hen_set_fx,event:/Battle/Piece/c_p_barbarians/c_p_barbari-hen_set_fx,c_p_barbarians
c_p_barbari-hen_atk_roar,event:/Battle/Piece/c_p_barbarians/c_p_barbari-hen_atk_roar,c_p_barbarians
c_p_barbarians_atk_drop,event:/Battle/Piece/c_p_barbarians/c_p_barbarians_atk_drop,c_p_barbarians
c_p_barbking_move,event:/Battle/Piece/c_p_barbking/c_p_barbking_move,c_p_barbking
c_p_barbking_atk_drop,event:/Battle/Piece/c_p_barbking/c_p_barbking_atk_drop,c_p_barbking
c_p_barbking_atk_pickup,event:/Battle/Piece/c_p_barbking/c_p_barbking_atk_pickup,c_p_barbking
c_p_barbking_skill,event:/Battle/Piece/c_p_barbking/c_p_barbking_skill,c_p_barbking
c_p_battlehealer_atk_drop,event:/Battle/Piece/c_p_battlehealer/c_p_battlehealer_atk_drop,c_p_battlehealer
c_p_battlehealer_atk_pickup,event:/Battle/Piece/c_p_battlehealer/c_p_battlehealer_atk_pickup,c_p_battlehealer
c_p_battlehealer_skill,event:/Battle/Piece/c_p_battlehealer/c_p_battlehealer_skill,c_p_battlehealer
c_p_boss_lava_skill_chargeup,event:/Battle/Boss/c_p_boss_lava/c_p_boss_lava_skill_chargeup,c_p_boss_lava
ui_boss_lava_hit,event:/UI/ui/ui_boss/ui_boss_lava_hit,c_p_boss_lava
c_p_boss_lava_skill_eruption_shot,event:/Battle/Boss/c_p_boss_lava/c_p_boss_lava_skill_eruption_shot,c_p_boss_lava
c_p_boss_lava_skill_spear_shot,event:/Battle/Boss/c_p_boss_lava/c_p_boss_lava_skill_spear_shot,c_p_boss_lava
c_p_boss_lava_atk_pickup,event:/Battle/Boss/c_p_boss_lava/c_p_boss_lava_atk_pickup,c_p_boss_lava
c_p_boss_lava_skill,event:/Battle/Boss/c_p_boss_lava/c_p_boss_lava_skill,c_p_boss_lava
ui_boss_lava_die,event:/UI/ui/ui_boss/ui_boss_lava_die,c_p_boss_lava
c_p_boss_lava_skill_frenzy,event:/Battle/Boss/c_p_boss_lava/c_p_boss_lava_skill_frenzy,c_p_boss_lava
c_p_boss_lava_move_fall,event:/Battle/Boss/c_p_boss_lava/c_p_boss_lava_move_fall,c_p_boss_lava
c_p_boss_lava_skill_soldier_drop,event:/Battle/Boss/c_p_boss_lava/c_p_boss_lava_skill_soldier_drop,c_p_boss_lava
c_p_boss_lava_atk_drop,event:/Battle/Boss/c_p_boss_lava/c_p_boss_lava_atk_drop,c_p_boss_lava
c_p_boss_lava_move_jump,event:/Battle/Boss/c_p_boss_lava/c_p_boss_lava_move_jump,c_p_boss_lava
c_p_boss_lava_skill_soldier_born,event:/Battle/Boss/c_p_boss_lava/c_p_boss_lava_skill_soldier_born,c_p_boss_lava
c_p_bowler_move,event:/Battle/Piece/c_p_bowler/c_p_bowler_move,c_p_bowler
c_p_bowler_skill_shot,event:/Battle/Piece/c_p_bowler/c_p_bowler_skill_shot,c_p_bowler
c_p_bowler_atk_shot,event:/Battle/Piece/c_p_bowler/c_p_bowler_atk_shot,c_p_bowler
c_p_dartgoblin_atk_shot,event:/Battle/Piece/c_p_dartgoblin/c_p_dartgoblin_atk_shot,c_p_dartgoblin
c_p_electrowizard_skill_shot,event:/Battle/Piece/c_p_electrowizard/c_p_electrowizard_skill_shot,c_p_electrowizard
c_p_electrowizard_move,event:/Battle/Piece/c_p_electrowizard/c_p_electrowizard_move,c_p_electrowizard
c_p_electrowizard_skill_charge,event:/Battle/Piece/c_p_electrowizard/c_p_electrowizard_skill_charge,c_p_electrowizard
c_p_electrowizard_atk_charge,event:/Battle/Piece/c_p_electrowizard/c_p_electrowizard_atk_charge,c_p_electrowizard
c_p_electrowizard_atk_shot,event:/Battle/Piece/c_p_electrowizard/c_p_electrowizard_atk_shot,c_p_electrowizard
c_p_fisherman_skill_hookfall,event:/Battle/Piece/c_p_fisherman/c_p_fisherman_skill_hookfall,c_p_fisherman
c_p_fisherman_set_fx,event:/Battle/Piece/c_p_fisherman/c_p_fisherman_set_fx,c_p_fisherman
c_p_fisherman_atk_drop,event:/Battle/Piece/c_p_fisherman/c_p_fisherman_atk_drop,c_p_fisherman
c_p_fisherman_atk_pickup,event:/Battle/Piece/c_p_fisherman/c_p_fisherman_atk_pickup,c_p_fisherman
c_p_fisherman_skill_hookback,event:/Battle/Piece/c_p_fisherman/c_p_fisherman_skill_hookback,c_p_fisherman
c_p_fisherman_skill_shot,event:/Battle/Piece/c_p_fisherman/c_p_fisherman_skill_shot,c_p_fisherman
c_p_goldengiant_skill,event:/Battle/Piece/c_p_goldengiant/c_p_goldengiant_skill,c_p_goldengiant
c_p_goldengiant_move,event:/Battle/Piece/c_p_goldengiant/c_p_goldengiant_move,c_p_goldengiant
c_p_goldengiant_atk_drop,event:/Battle/Piece/c_p_goldengiant/c_p_goldengiant_atk_drop,c_p_goldengiant
c_p_grandwarden_skill,event:/Battle/Piece/c_p_grandwarden/c_p_grandwarden_skill,c_p_grandwarden
c_p_grandwarden_atk_shot,event:/Battle/Piece/c_p_grandwarden/c_p_grandwarden_atk_shot,c_p_grandwarden
c_p_guard_atk_drop,event:/Battle/Piece/c_p_guard/c_p_guard_atk_drop,c_p_guard
c_p_healingranger_skill,event:/Battle/Piece/c_p_healingranger/c_p_healingranger_skill,c_p_healingranger
c_p_healingranger_atk_shot,event:/Battle/Piece/c_p_healingranger/c_p_healingranger_atk_shot,c_p_healingranger
c_p_icewizard_skill,event:/Battle/Piece/c_p_icewizard/c_p_icewizard_skill,c_p_icewizard
c_p_icewizard_atk_shot,event:/Battle/Piece/c_p_icewizard/c_p_icewizard_atk_shot,c_p_icewizard
c_p_knight_move,event:/Battle/Piece/c_p_knight/c_p_knight_move,c_p_knight
c_p_knight_skill,event:/Battle/Piece/c_p_knight/c_p_knight_skill,c_p_knight
c_p_knight_atk_pickup,event:/Battle/Piece/c_p_knight/c_p_knight_atk_pickup,c_p_knight
c_p_knight_atk_drop,event:/Battle/Piece/c_p_knight/c_p_knight_atk_drop,c_p_knight
c_p_lumberjack_atk_drop,event:/Battle/Piece/c_p_lumberjack/c_p_lumberjack_atk_drop,c_p_lumberjack
c_p_lumberjack_skill_fall,event:/Battle/Piece/c_p_lumberjack/c_p_lumberjack_skill_fall,c_p_lumberjack
c_p_lumberjack_atk_pickup,event:/Battle/Piece/c_p_lumberjack/c_p_lumberjack_atk_pickup,c_p_lumberjack
c_p_lumberjack_skill_boom,event:/Battle/Piece/c_p_lumberjack/c_p_lumberjack_skill_boom,c_p_lumberjack
c_p_lumberjack_skill_throw,event:/Battle/Piece/c_p_lumberjack/c_p_lumberjack_skill_throw,c_p_lumberjack
c_p_magicarcher_invisible_crystal,event:/Battle/Piece/c_p_magicarcher/c_p_magicarcher_invisible_crystal,c_p_magicarcher
c_p_magicarcher_atk_charge,event:/Battle/Piece/c_p_magicarcher/c_p_magicarcher_atk_charge,c_p_magicarcher
c_p_magicarcher_move,event:/Battle/Piece/c_p_magicarcher/c_p_magicarcher_move,c_p_magicarcher
c_p_magicarcher_atk_shot_crystal,event:/Battle/Piece/c_p_magicarcher/c_p_magicarcher_atk_shot_crystal,c_p_magicarcher
c_p_magicarcher_atk_charge_crystal,event:/Battle/Piece/c_p_magicarcher/c_p_magicarcher_atk_charge_crystal,c_p_magicarcher
c_p_magicarcher_skill_shot_crystal,event:/Battle/Piece/c_p_magicarcher/c_p_magicarcher_skill_shot_crystal,c_p_magicarcher
c_p_magicarcher_atk_shot,event:/Battle/Piece/c_p_magicarcher/c_p_magicarcher_atk_shot,c_p_magicarcher
c_p_magicarcher_skill_charge_crystal,event:/Battle/Piece/c_p_magicarcher/c_p_magicarcher_skill_charge_crystal,c_p_magicarcher
c_p_megaknight_atk_pickup,event:/Battle/Piece/c_p_megaknight/c_p_megaknight_atk_pickup,c_p_megaknight
c_p_megaknight_skill,event:/Battle/Piece/c_p_megaknight/c_p_megaknight_skill,c_p_megaknight
c_p_megaknight_move,event:/Battle/Piece/c_p_megaknight/c_p_megaknight_move,c_p_megaknight
c_p_megaknight_atk_drop,event:/Battle/Piece/c_p_megaknight/c_p_megaknight_atk_drop,c_p_megaknight
c_p_miner_atk_drop,event:/Battle/Piece/c_p_miner/c_p_miner_atk_drop,c_p_miner
c_p_miner_act_underfloor_move,event:/Battle/Piece/c_p_miner/c_p_miner_act_underfloor_move,c_p_miner
c_p_miner_act_disappear,event:/Battle/Piece/c_p_miner/c_p_miner_act_disappear,c_p_miner
c_p_miner_act_appear,event:/Battle/Piece/c_p_miner/c_p_miner_act_appear,c_p_miner
c_p_miner_atk_pickup,event:/Battle/Piece/c_p_miner/c_p_miner_atk_pickup,c_p_miner
c_p_minipekka_fs,event:/Battle/Piece/c_p_minipekka/c_p_minipekka_fs,c_p_minipekka
c_p_minipekka_atk_pickup,event:/Battle/Piece/c_p_minipekka/c_p_minipekka_atk_pickup,c_p_minipekka
c_p_minipekka_atk_drop,event:/Battle/Piece/c_p_minipekka/c_p_minipekka_atk_drop,c_p_minipekka
c_p_musketeer_atk_shot,event:/Battle/Piece/c_p_musketeer/c_p_musketeer_atk_shot,c_p_musketeer
c_p_musketeer_skill_shot,event:/Battle/Piece/c_p_musketeer/c_p_musketeer_skill_shot,c_p_musketeer
c_p_oldmonk_fs,event:/Battle/Piece/c_p_oldmonk/c_p_oldmonk_fs,c_p_oldmonk
c_p_oldmonk_skill_pickuppush,event:/Battle/Piece/c_p_oldmonk/c_p_oldmonk_skill_pickuppush,c_p_oldmonk
c_p_oldmonk_atk_drop,event:/Battle/Piece/c_p_oldmonk/c_p_oldmonk_atk_drop,c_p_oldmonk
c_p_oldmonk_skill_dragonfist,event:/Battle/Piece/c_p_oldmonk/c_p_oldmonk_skill_dragonfist,c_p_oldmonk
c_p_pekka_move,event:/Battle/Piece/c_p_pekka/c_p_pekka_move,c_p_pekka
c_p_pekka_atk_pickup,event:/Battle/Piece/c_p_pekka/c_p_pekka_atk_pickup,c_p_pekka
c_p_pekka_atk_drop,event:/Battle/Piece/c_p_pekka/c_p_pekka_atk_drop,c_p_pekka
c_p_prince_skill,event:/Battle/Piece/c_p_prince/c_p_prince_skill,c_p_prince
c_p_prince_move,event:/Battle/Piece/c_p_prince/c_p_prince_move,c_p_prince
c_p_prince_atk_drop,event:/Battle/Piece/c_p_prince/c_p_prince_atk_drop,c_p_prince
c_p_royalchampion_skill,event:/Battle/Piece/c_p_royalchampion/c_p_royalchampion_skill,c_p_royalchampion
c_p_royalchampion_atk_shot,event:/Battle/Piece/c_p_royalchampion/c_p_royalchampion_atk_shot,c_p_royalchampion
c_p_royalghost_atk_pickup,event:/Battle/Piece/c_p_royalghost/c_p_royalghost_atk_pickup,c_p_royalghost
c_p_royalghost_atk_drop,event:/Battle/Piece/c_p_royalghost/c_p_royalghost_atk_drop,c_p_royalghost
c_p_royalghost_move,event:/Battle/Piece/c_p_royalghost/c_p_royalghost_move,c_p_royalghost
c_p_shieldmaiden_atk_drop,event:/Battle/Piece/c_p_shieldmaiden/c_p_shieldmaiden_atk_drop,c_p_shieldmaiden
c_p_shieldmaiden_skill,event:/Battle/Piece/c_p_shieldmaiden/c_p_shieldmaiden_skill,c_p_shieldmaiden
c_p_shieldmaiden_move,event:/Battle/Piece/c_p_shieldmaiden/c_p_shieldmaiden_move,c_p_shieldmaiden
c_p_skeletongiant_move,event:/Battle/Piece/c_p_skeletongiant/c_p_skeletongiant_move,c_p_skeletongiant
c_p_skeletongiant_atk_pickup,event:/Battle/Piece/c_p_skeletongiant/c_p_skeletongiant_atk_pickup,c_p_skeletongiant
c_p_skeletongiant_atk_drop,event:/Battle/Piece/c_p_skeletongiant/c_p_skeletongiant_atk_drop,c_p_skeletongiant
c_p_skeletongiant_skill,event:/Battle/Piece/c_p_skeletongiant/c_p_skeletongiant_skill,c_p_skeletongiant
c_p_skeletonking_atk_drop,event:/Battle/Piece/c_p_skeletonking/c_p_skeletonking_atk_drop,c_p_skeletonking
c_p_skeletonking_skill_soul,event:/Battle/Piece/c_p_skeletonking/c_p_skeletonking_skill_soul,c_p_skeletonking
c_p_skeletonking_skill,event:/Battle/Piece/c_p_skeletonking/c_p_skeletonking_skill,c_p_skeletonking
c_p_skeletonking_atk_pickup,event:/Battle/Piece/c_p_skeletonking/c_p_skeletonking_atk_pickup,c_p_skeletonking
c_p_skeletonking_resurrection,event:/Battle/Piece/c_p_skeletonking/c_p_skeletonking_resurrection,c_p_skeletonking
c_p_skeletonking_move,event:/Battle/Piece/c_p_skeletonking/c_p_skeletonking_move,c_p_skeletonking
c_p_skeletonking_skill_ghost,event:/Battle/Piece/c_p_skeletonking/c_p_skeletonking_skill_ghost,c_p_skeletonking
c_p_speargoblin_atk_shot,event:/Battle/Piece/c_p_speargoblin/c_p_speargoblin_atk_shot,c_p_speargoblin
c_p_speargoblin_skill_shot,event:/Battle/Piece/c_p_speargoblin/c_p_speargoblin_skill_shot,c_p_speargoblin
c_p_swordsman_skill_drop,event:/Battle/Piece/c_p_swordsman/c_p_swordsman_skill_drop,c_p_swordsman
c_p_swordsman_skill,event:/Battle/Piece/c_p_swordsman/c_p_swordsman_skill,c_p_swordsman
c_p_swordsman_atk_drop,event:/Battle/Piece/c_p_swordsman/c_p_swordsman_atk_drop,c_p_swordsman
c_p_swordsman_move,event:/Battle/Piece/c_p_swordsman/c_p_swordsman_move,c_p_swordsman
c_p_swordsman_atk_pickup,event:/Battle/Piece/c_p_swordsman/c_p_swordsman_atk_pickup,c_p_swordsman
c_p_valkyrie_atk_turn,event:/Battle/Piece/c_p_valkyrie/c_p_valkyrie_atk_turn,c_p_valkyrie
c_p_vampirecountess_skill_appear,event:/Battle/Piece/c_p_vampirecountess/c_p_vampirecountess_skill_appear,c_p_vampirecountess
c_p_vampirecountess_skill,event:/Battle/Piece/c_p_vampirecountess/c_p_vampirecountess_skill,c_p_vampirecountess
c_p_vampirecountess_skill_skin_appear,event:/Battle/Piece/c_p_vampirecountess/c_p_vampirecountess_skill_skin_appear,c_p_vampirecountess
c_p_vampirecountess_atk_drop,event:/Battle/Piece/c_p_vampirecountess/c_p_vampirecountess_atk_drop,c_p_vampirecountess
c_p_vampirecountess_skill_skin,event:/Battle/Piece/c_p_vampirecountess/c_p_vampirecountess_skill_skin,c_p_vampirecountess
c_p_vampirecountess_move,event:/Battle/Piece/c_p_vampirecountess/c_p_vampirecountess_move,c_p_vampirecountess
c_p_wavemaster_skill,event:/Battle/Piece/c_p_wavemaster/c_p_wavemaster_skill,c_p_wavemaster
c_p_wavemaster_move,event:/Battle/Piece/c_p_wavemaster/c_p_wavemaster_move,c_p_wavemaster
c_p_wavemaster_skill_dragon,event:/Battle/Piece/c_p_wavemaster/c_p_wavemaster_skill_dragon,c_p_wavemaster
c_p_wavemaster_atk_pickup,event:/Battle/Piece/c_p_wavemaster/c_p_wavemaster_atk_pickup,c_p_wavemaster
c_p_wavemaster_atk_drop,event:/Battle/Piece/c_p_wavemaster/c_p_wavemaster_atk_drop,c_p_wavemaster
c_p_witch_skill_summon_unitdrop,event:/Battle/Piece/c_p_witch/c_p_witch_skill_summon_unitdrop,c_p_witch
c_p_witch_atk_shot,event:/Battle/Piece/c_p_witch/c_p_witch_atk_shot,c_p_witch
c_p_witch_skill_summon,event:/Battle/Piece/c_p_witch/c_p_witch_skill_summon,c_p_witch
c_p_wizard_atk_shot,event:/Battle/Piece/c_p_wizard/c_p_wizard_atk_shot,c_p_wizard
giz_camp_drop,event:/Battle/gizmos/giz_camp_drop,giz_camp
giz_elixir_skill,event:/Battle/gizmos/giz_elixir_skill,giz_elixir
giz_elixir_on,event:/Battle/gizmos/giz_elixir_on,giz_elixir
elixir_break,event:/Battle/gizmos/elixir_break,giz_elixir
giz_elixir_off,event:/Battle/gizmos/giz_elixir_off,giz_elixir
giz_elixir_drop,event:/Battle/gizmos/giz_elixir_drop,giz_elixir
giz_mirro_on,event:/Battle/gizmos/giz_mirro_on,giz_mirro
giz_mirro_drop,event:/Battle/gizmos/giz_mirro_drop,giz_mirro
giz_mirro_off,event:/Battle/gizmos/giz_mirro_off,giz_mirro
mirror_break,event:/Battle/gizmos/mirror_break,giz_mirro
giz_mirro_hit,event:/Battle/gizmos/giz_mirro_hit,giz_mirro
giz_mucho_drop,event:/Battle/gizmos/giz_mucho_drop,giz_mucho
giz_mucho_off,event:/Battle/gizmos/giz_mucho_off,giz_mucho
giz_mucho_skill,event:/Battle/gizmos/giz_mucho_skill,giz_mucho
giz_mucho_on,event:/Battle/gizmos/giz_mucho_on,giz_mucho
giz_pancaker_drop,event:/Battle/gizmos/giz_pancaker_drop,giz_pancaker
giz_pancaker_skill,event:/Battle/gizmos/giz_pancaker_skill,giz_pancaker
giz_pancaker_on,event:/Battle/gizmos/giz_pancaker_on,giz_pancaker
giz_pancaker_skill_hit,event:/Battle/gizmos/giz_pancaker_skill_hit,giz_pancaker
giz_pancaker_off,event:/Battle/gizmos/giz_pancaker_off,giz_pancaker
giz_poket_off,event:/Battle/gizmos/giz_poket_off,giz_poket
giz_poket_skill,event:/Battle/gizmos/giz_poket_skill,giz_poket
giz_poket_skill_hit,event:/Battle/gizmos/giz_poket_skill_hit,giz_poket
giz_poket_skill_shot,event:/Battle/gizmos/giz_poket_skill_shot,giz_poket
giz_poket_break,event:/Battle/gizmos/giz_poket_break,giz_poket
giz_poket_on,event:/Battle/gizmos/giz_poket_on,giz_poket
roket,snapshot:/roket,giz_poket
giz_poket_drop,event:/Battle/gizmos/giz_poket_drop,giz_poket
giz_pot_off,event:/Battle/gizmos/giz_pot_off,giz_pot
giz_pot_drop,event:/Battle/gizmos/giz_pot_drop,giz_pot
giz_poter_atk_hit,event:/Battle/gizmos/giz_poter_atk_hit,giz_pot
giz_poter_move,event:/Battle/gizmos/giz_poter_move,giz_pot
giz_pot_skill,event:/Battle/gizmos/giz_pot_skill,giz_pot
giz_poter_skill3,event:/Battle/gizmos/giz_poter_skill3,giz_pot
giz_pot_on,event:/Battle/gizmos/giz_pot_on,giz_pot
giz_poter_atk,event:/Battle/gizmos/giz_poter_atk,giz_pot
giz_sauna_off,event:/Battle/gizmos/giz_sauna_off,giz_sauna
giz_sauna_drop,event:/Battle/gizmos/giz_sauna_drop,giz_sauna
giz_sauna_skill,event:/Battle/gizmos/giz_sauna_skill,giz_sauna
giz_sauna_on,event:/Battle/gizmos/giz_sauna_on,giz_sauna
giz_toot_drop,event:/Battle/gizmos/giz_toot_drop,giz_toot
giz_toot_skill,event:/Battle/gizmos/giz_toot_skill,giz_toot
giz_tower_drop,event:/Battle/gizmos/giz_tower_drop,giz_tower
giz_tower_ooff,event:/Battle/gizmos/giz_tower_ooff,giz_tower
giz_tower_on,event:/Battle/gizmos/giz_tower_on,giz_tower
giz_tower_skill_hit,event:/Battle/gizmos/giz_tower_skill_hit,giz_tower
giz_tower_skill,event:/Battle/gizmos/giz_tower_skill,giz_tower
sfx_hero_archer_atk,event:/Battle/hero/archerqueen/sfx_hero_archer_atk,hero_archerqueen
sfx_hero_archer_drop,event:/Battle/hero/archerqueen/sfx_hero_archer_drop,hero_archerqueen
sfx_hero_archer_atk_hit,event:/Battle/hero/archerqueen/sfx_hero_archer_atk_hit,hero_archerqueen
sfx_hero_archer_skill,event:/Battle/hero/archerqueen/sfx_hero_archer_skill,hero_archerqueen
sfx_hero_archer_move,event:/Battle/hero/archerqueen/sfx_hero_archer_move,hero_archerqueen
sfx_hero_babarian_skill_super,event:/Battle/hero/barbarianking/sfx_hero_babarian_skill_super,hero_barbarianking
sfx_hero_babarian_atk_hit,event:/Battle/hero/barbarianking/sfx_hero_babarian_atk_hit,hero_barbarianking
sfx_hero_babarian_move,event:/Battle/hero/barbarianking/sfx_hero_babarian_move,hero_barbarianking
sfx_hero_babarian_atk_cast,event:/Battle/hero/barbarianking/sfx_hero_babarian_atk_cast,hero_barbarianking
sfx_hero_babarian_drop,event:/Battle/hero/barbarianking/sfx_hero_babarian_drop,hero_barbarianking
sfx_hero_countess_move,event:/Battle/hero/countess/sfx_hero_countess_move,hero_countrss
sfx_hero_countess_skill_hit,event:/Battle/hero/countess/sfx_hero_countess_skill_hit,hero_countrss
sfx_hero_countess_skill_cast,event:/Battle/hero/countess/sfx_hero_countess_skill_cast,hero_countrss
sfx_hero_countess_atk,event:/Battle/hero/countess/sfx_hero_countess_atk,hero_countrss
sfx_hero_countess_drop,event:/Battle/hero/countess/sfx_hero_countess_drop,hero_countrss
sfx_hero_monk_drop,event:/Battle/hero/monk/sfx_hero_monk_drop,hero_monk
sfx_hero_monk_move,event:/Battle/hero/monk/sfx_hero_monk_move,hero_monk
sfx_hero_monk_skill_super,event:/Battle/hero/monk/sfx_hero_monk_skill_super,hero_monk
sfx_hero_monk_atk,event:/Battle/hero/monk/sfx_hero_monk_atk,hero_monk
sfx_hero_monk_skill_clash,event:/Battle/hero/monk/sfx_hero_monk_skill_clash,hero_monk
sfx_hero_nature_pick,event:/Battle/hero/natureborn/sfx_hero_nature_pick,hero_natureborn
sfx_hero_nature_skill_healing_hit,event:/Battle/hero/natureborn/sfx_hero_nature_skill_healing_hit,hero_natureborn
sfx_hero_nature_deer_atk_hit,event:/Battle/hero/natureborn/sfx_hero_nature_deer_atk_hit,hero_natureborn
sfx_hero_nature_atk_hit,event:/Battle/hero/natureborn/sfx_hero_nature_atk_hit,hero_natureborn
sfx_hero_nature_drop,event:/Battle/hero/natureborn/sfx_hero_nature_drop,hero_natureborn
sfx_hero_nature_t_deer,event:/Battle/hero/natureborn/sfx_hero_nature_t_deer,hero_natureborn
sfx_hero_nature_t_human,event:/Battle/hero/natureborn/sfx_hero_nature_t_human,hero_natureborn
sfx_hero_nature_atk,event:/Battle/hero/natureborn/sfx_hero_nature_atk,hero_natureborn
sfx_hero_nature_skill_healing_cast,event:/Battle/hero/natureborn/sfx_hero_nature_skill_healing_cast,hero_natureborn
sfx_hero_nature_skill,event:/Battle/hero/natureborn/sfx_hero_nature_skill,hero_natureborn
sfx_hero_nature_deer_drop,event:/Battle/hero/natureborn/sfx_hero_nature_deer_drop,hero_natureborn
sfx_hero_nature_deer_atk,event:/Battle/hero/natureborn/sfx_hero_nature_deer_atk,hero_natureborn
sfx_hero_nature_deer_pick,event:/Battle/hero/natureborn/sfx_hero_nature_deer_pick,hero_natureborn
sfx_mini_skin_queentron_atk_hit,event:/Battle/hero/skin/archerqueen/sfx_mini_skin_queentron_atk_hit,hero_queentron
sfx_mini_skin_queentron_skill,event:/Battle/hero/skin/archerqueen/sfx_mini_skin_queentron_skill,hero_queentron
sfx_mini_skin_queentron_drop,event:/Battle/hero/skin/archerqueen/sfx_mini_skin_queentron_drop,hero_queentron
sfx_mini_skin_queentron_atk,event:/Battle/hero/skin/archerqueen/sfx_mini_skin_queentron_atk,hero_queentron
sfx_mini_skin_queentron_invin,event:/Battle/hero/skin/archerqueen/sfx_mini_skin_queentron_invin,hero_queentron
sfx_hero_champion_atk_cast,event:/Battle/hero/royalchampion/sfx_hero_champion_atk_cast,hero_royalchampion
sfx_hero_champion_skill_clash_hit,event:/Battle/hero/royalchampion/sfx_hero_champion_skill_clash_hit,hero_royalchampion
sfx_hero_champion_shield_up,event:/Battle/hero/royalchampion/sfx_hero_champion_shield_up,hero_royalchampion
sfx_hero_champion_skill_super_hit,event:/Battle/hero/royalchampion/sfx_hero_champion_skill_super_hit,hero_royalchampion
sfx_hero_champion_drop,event:/Battle/hero/royalchampion/sfx_hero_champion_drop,hero_royalchampion
sfx_hero_champion_skill_super,event:/Battle/hero/royalchampion/sfx_hero_champion_skill_super,hero_royalchampion
sfx_hero_champion_skill_clash,event:/Battle/hero/royalchampion/sfx_hero_champion_skill_clash,hero_royalchampion
sfx_hero_champion_atk_hit,event:/Battle/hero/royalchampion/sfx_hero_champion_atk_hit,hero_royalchampion
sfx_hero_sheild_skill_super,event:/Battle/hero/sheildmadien/sfx_hero_sheild_skill_super,hero_sheildmadien
sfx_hero_sheild_atk_cast,event:/Battle/hero/sheildmadien/sfx_hero_sheild_atk_cast,hero_sheildmadien
sfx_hero_sheild_skill_ref,event:/Battle/hero/sheildmadien/sfx_hero_sheild_skill_ref,hero_sheildmadien
sfx_hero_sheild_move,event:/Battle/hero/sheildmadien/sfx_hero_sheild_move,hero_sheildmadien
sfx_hero_sheild_drop,event:/Battle/hero/sheildmadien/sfx_hero_sheild_drop,hero_sheildmadien
sfx_hero_sheild_skill_clash,event:/Battle/hero/sheildmadien/sfx_hero_sheild_skill_clash,hero_sheildmadien
sfx_hero_sheild_atk_hit,event:/Battle/hero/sheildmadien/sfx_hero_sheild_atk_hit,hero_sheildmadien
sfx_hero_skeleton_charge,event:/Battle/hero/skeletonking/sfx_hero_skeleton_charge,hero_skeletonking
sfx_hero_skeleton_skill_super,event:/Battle/hero/skeletonking/sfx_hero_skeleton_skill_super,hero_skeletonking
sfx_hero_skeleton_atk_hit,event:/Battle/hero/skeletonking/sfx_hero_skeleton_atk_hit,hero_skeletonking
sfx_hero_skeleton_atk_cast,event:/Battle/hero/skeletonking/sfx_hero_skeleton_atk_cast,hero_skeletonking
sfx_hero_skeleton_drop,event:/Battle/hero/skeletonking/sfx_hero_skeleton_drop,hero_skeletonking
sfx_hero_skeleton_reborn,event:/Battle/hero/skeletonking/sfx_hero_skeleton_reborn,hero_skeletonking
sfx_hero_skeleton_atk_hit_cri,event:/Battle/hero/skeletonking/sfx_hero_skeleton_atk_hit_cri,hero_skeletonking
sfx_hero_skeleton_move,event:/Battle/hero/skeletonking/sfx_hero_skeleton_move,hero_skeletonking
sfx_hero_skeleton_skill,event:/Battle/hero/skeletonking/sfx_hero_skeleton_skill,hero_skeletonking
sfx_hero_wave_drop,event:/Battle/hero/wavemaster/sfx_hero_wave_drop,hero_wavemaster
sfx_hero_wave_atk_swep,event:/Battle/hero/wavemaster/sfx_hero_wave_atk_swep,hero_wavemaster
sfx_hero_wave_atk_swep_hit,event:/Battle/hero/wavemaster/sfx_hero_wave_atk_swep_hit,hero_wavemaster
sfx_hero_wave_skill_super_hit,event:/Battle/hero/wavemaster/sfx_hero_wave_skill_super_hit,hero_wavemaster
sfx_hero_wave_atk,event:/Battle/hero/wavemaster/sfx_hero_wave_atk,hero_wavemaster
sfx_hero_wave_atk_cast,event:/Battle/hero/wavemaster/sfx_hero_wave_atk_cast,hero_wavemaster
sfx_hero_wave_skill_super_cast,event:/Battle/hero/wavemaster/sfx_hero_wave_skill_super_cast,hero_wavemaster
sfx_hero_wave_skill_super_end,event:/Battle/hero/wavemaster/sfx_hero_wave_skill_super_end,hero_wavemaster
sfx_hero_wave_move,event:/Battle/hero/wavemaster/sfx_hero_wave_move,hero_wavemaster
sfx_hero_wave_skill_clash,event:/Battle/hero/wavemaster/sfx_hero_wave_skill_clash,hero_wavemaster
sfx_mini_bandit_skill,event:/Battle/minis/mini_fighter/bandit/sfx_mini_bandit_skill,mini_bandit
sfx_mini_bandit_drop,event:/Battle/minis/mini_fighter/bandit/sfx_mini_bandit_drop,mini_bandit
sfx_mini_bandit_atk,event:/Battle/minis/mini_fighter/bandit/sfx_mini_bandit_atk,mini_bandit
sfx_mini_bandit_atk_hit,event:/Battle/minis/mini_fighter/bandit/sfx_mini_bandit_atk_hit,mini_bandit
sfx_mini_bandit_pick,event:/Battle/minis/mini_fighter/bandit/sfx_mini_bandit_pick,mini_bandit
sfx_mini_archer_atk_cast,event:/Battle/minis/mini_ranger/archer/sfx_mini_archer_atk_cast,minis_archer
sfx_mini_archer_move,event:/Battle/minis/mini_ranger/archer/sfx_mini_archer_move,minis_archer
sfx_mini_archer_atk,event:/Battle/minis/mini_ranger/archer/sfx_mini_archer_atk,minis_archer
sfx_mini_archer_atk_tile,event:/Battle/minis/mini_ranger/archer/sfx_mini_archer_atk_tile,minis_archer
sfx_mini_archer_atk_hit,event:/Battle/minis/mini_ranger/archer/sfx_mini_archer_atk_hit,minis_archer
sfx_mini_skin_a1000_cast,event:/Battle/minis/skin/archer/sfx_mini_skin_a1000_cast,minis_archer_a1000
sfx_mini_skin_a1000_atk,event:/Battle/minis/skin/archer/sfx_mini_skin_a1000_atk,minis_archer_a1000
sfx_mini_skin_a1000_drop,event:/Battle/minis/skin/archer/sfx_mini_skin_a1000_drop,minis_archer_a1000
sfx_mini_skin_a1000_pick,event:/Battle/minis/skin/archer/sfx_mini_skin_a1000_pick,minis_archer_a1000
sfx_mini_skin_a1000_atk_hit,event:/Battle/minis/skin/archer/sfx_mini_skin_a1000_atk_hit,minis_archer_a1000
sfx_mini_skin_sparkle_atk_hit,event:/Battle/minis/skin/archer/sfx_mini_skin_sparkle_atk_hit,minis_archer_sparkle
sfx_mini_skin_sparkle_drop,event:/Battle/minis/skin/archer/sfx_mini_skin_sparkle_drop,minis_archer_sparkle
sfx_mini_skin_sparkle_atk,event:/Battle/minis/skin/archer/sfx_mini_skin_sparkle_atk,minis_archer_sparkle
sfx_mini_skin_sparkle_pick,event:/Battle/minis/skin/archer/sfx_mini_skin_sparkle_pick,minis_archer_sparkle
sfx_mini_barbarian_atk_hit,event:/Battle/minis/mini_fighter/barbarian/sfx_mini_barbarian_atk_hit,minis_barbarian
sfx_mini_barbarian_atk_cast,event:/Battle/minis/mini_fighter/barbarian/sfx_mini_barbarian_atk_cast,minis_barbarian
sfx_mini_barbarian_move,event:/Battle/minis/mini_fighter/barbarian/sfx_mini_barbarian_move,minis_barbarian
sfx_mini_barbarian_atk,event:/Battle/minis/mini_fighter/barbarian/sfx_mini_barbarian_atk,minis_barbarian
sfx_mini_bowler_atk_hit,event:/Battle/minis/mini_ranger/bowler/sfx_mini_bowler_atk_hit,minis_bowler
sfx_mini_bowler_skill,event:/Battle/minis/mini_ranger/bowler/sfx_mini_bowler_skill,minis_bowler
sfx_mini_bowler_atk,event:/Battle/minis/mini_ranger/bowler/sfx_mini_bowler_atk,minis_bowler
sfx_mini_bowler_skill_hit,event:/Battle/minis/mini_ranger/bowler/sfx_mini_bowler_skill_hit,minis_bowler
sfx_mini_bowler_move,event:/Battle/minis/mini_ranger/bowler/sfx_mini_bowler_move,minis_bowler
sfx_mini_move_gerenal,event:/Battle/minis/a_common/sfx_mini_move_gerenal,minis_common
sfx_mini_skin_shocker_atk_cast,event:/Battle/minis/skin/electrowizard/sfx_mini_skin_shocker_atk_cast,minis_electrowizard_shocker
sfx_mini_skin_shocker_skill,event:/Battle/minis/skin/electrowizard/sfx_mini_skin_shocker_skill,minis_electrowizard_shocker
sfx_mini_skin_shocker_skill_end,event:/Battle/minis/skin/electrowizard/sfx_mini_skin_shocker_skill_end,minis_electrowizard_shocker
sfx_mini_skin_shocker_drop,event:/Battle/minis/skin/electrowizard/sfx_mini_skin_shocker_drop,minis_electrowizard_shocker
sfx_mini_skin_shocker_pick,event:/Battle/minis/skin/electrowizard/sfx_mini_skin_shocker_pick,minis_electrowizard_shocker
sfx_mini_skin_shocker_atk,event:/Battle/minis/skin/electrowizard/sfx_mini_skin_shocker_atk,minis_electrowizard_shocker
sfx_mini_giantskeleton_cast,event:/Battle/minis/mini_tank/giantskeleton/sfx_mini_giantskeleton_cast,minis_giantskeleton
sfx_mini_giantskeleton_move,event:/Battle/minis/mini_tank/giantskeleton/sfx_mini_giantskeleton_move,minis_giantskeleton
sfx_mini_giantskeleton_atk_hit,event:/Battle/minis/mini_tank/giantskeleton/sfx_mini_giantskeleton_atk_hit,minis_giantskeleton
sfx_mini_giantskeleton_atk,event:/Battle/minis/mini_tank/giantskeleton/sfx_mini_giantskeleton_atk,minis_giantskeleton
sfx_mini_giantskeleton_bomb,event:/Battle/minis/mini_tank/giantskeleton/sfx_mini_giantskeleton_bomb,minis_giantskeleton
sfx_mini_skin_gift_explo,event:/Battle/minis/skin/giantskeleton/sfx_mini_skin_gift_explo,minis_giantskeleton_gift
sfx_mini_skin_gift_drop,event:/Battle/minis/skin/giantskeleton/sfx_mini_skin_gift_drop,minis_giantskeleton_gift
sfx_icewizard_atk_spec_hit,event:/Battle/minis/mini_magic/icewizard/sfx_icewizard_atk_spec_hit,minis_icewizard
sfx_icewizard_atk_spec,event:/Battle/minis/mini_magic/icewizard/sfx_icewizard_atk_spec,minis_icewizard
sfx_icewizard_icecube,event:/Battle/minis/mini_magic/icewizard/sfx_icewizard_icecube,minis_icewizard
sfx_icewizard_drop,event:/Battle/minis/mini_magic/icewizard/sfx_icewizard_drop,minis_icewizard
sfx_icewizard_atk,event:/Battle/minis/mini_magic/icewizard/sfx_icewizard_atk,minis_icewizard
sfx_icewizard_atk_hit,event:/Battle/minis/mini_magic/icewizard/sfx_icewizard_atk_hit,minis_icewizard
sfx_mini_lumberjack_skill,event:/Battle/minis/mini_fighter/lumberjack/sfx_mini_lumberjack_skill,minis_lumberjack
sfx_mini_lumberjack_atk,event:/Battle/minis/mini_fighter/lumberjack/sfx_mini_lumberjack_atk,minis_lumberjack
sfx_mini_lumberjack_atk_cast,event:/Battle/minis/mini_fighter/lumberjack/sfx_mini_lumberjack_atk_cast,minis_lumberjack
sfx_mini_lumberjack_move,event:/Battle/minis/mini_fighter/lumberjack/sfx_mini_lumberjack_move,minis_lumberjack
sfx_mini_lumberjack_atk_hit,event:/Battle/minis/mini_fighter/lumberjack/sfx_mini_lumberjack_atk_hit,minis_lumberjack
sfx_mini_skin_wreckabyte_atk_hit,event:/Battle/minis/skin/megaknight/sfx_mini_skin_wreckabyte_atk_hit,minis_magaknight_wreckabyte
sfx_mini_skin_wreckabyte_atk,event:/Battle/minis/skin/megaknight/sfx_mini_skin_wreckabyte_atk,minis_magaknight_wreckabyte
sfx_mini_skin_wreckabyte_drop,event:/Battle/minis/skin/megaknight/sfx_mini_skin_wreckabyte_drop,minis_magaknight_wreckabyte
sfx_mini_skin_wreckabyte_skill_end,event:/Battle/minis/skin/megaknight/sfx_mini_skin_wreckabyte_skill_end,minis_magaknight_wreckabyte
sfx_mini_skin_wreckabyte_skill_hit,event:/Battle/minis/skin/megaknight/sfx_mini_skin_wreckabyte_skill_hit,minis_magaknight_wreckabyte
sfx_mini_skin_wreckabyte_skill_cast,event:/Battle/minis/skin/megaknight/sfx_mini_skin_wreckabyte_skill_cast,minis_magaknight_wreckabyte
sfx_mini_skin_wreckabyte_move,event:/Battle/minis/skin/megaknight/sfx_mini_skin_wreckabyte_move,minis_magaknight_wreckabyte
sfx_mini_magicarcher_atk_hit,event:/Battle/minis/mini_ranger/magicarcher/sfx_mini_magicarcher_atk_hit,minis_magicarcher
sfx_mini_magicarcher_skill_cast,event:/Battle/minis/mini_ranger/magicarcher/sfx_mini_magicarcher_skill_cast,minis_magicarcher
sfx_mini_magicarcher_atk,event:/Battle/minis/mini_ranger/magicarcher/sfx_mini_magicarcher_atk,minis_magicarcher
sfx_mini_magicarcher_move,event:/Battle/minis/mini_ranger/magicarcher/sfx_mini_magicarcher_move,minis_magicarcher
sfx_mini_magicarcher_atk_cast,event:/Battle/minis/mini_ranger/magicarcher/sfx_mini_magicarcher_atk_cast,minis_magicarcher
sfx_mini_magicarcher_skill,event:/Battle/minis/mini_ranger/magicarcher/sfx_mini_magicarcher_skill,minis_magicarcher
sfx_mini_miner_atk,event:/Battle/minis/mini_fighter/miner/sfx_mini_miner_atk,minis_miner
sfx_mini_miner_atk_hit,event:/Battle/minis/mini_fighter/miner/sfx_mini_miner_atk_hit,minis_miner
sfx_mini_miner_clash_move,event:/Battle/minis/mini_fighter/miner/sfx_mini_miner_clash_move,minis_miner
sfx_mini_miner_clash_jump,event:/Battle/minis/mini_fighter/miner/sfx_mini_miner_clash_jump,minis_miner
sfx_mini_miner_clash_cast,event:/Battle/minis/mini_fighter/miner/sfx_mini_miner_clash_cast,minis_miner
sfx_mini_miner_move,event:/Battle/minis/mini_fighter/miner/sfx_mini_miner_move,minis_miner
sfx_mini_miner_atk_cleave,event:/Battle/minis/mini_fighter/miner/sfx_mini_miner_atk_cleave,minis_miner
sfx_mini_miner_atk_cast,event:/Battle/minis/mini_fighter/miner/sfx_mini_miner_atk_cast,minis_miner
sfx_mini_skin_borebot_atk_slash,event:/Battle/minis/skin/miner/sfx_mini_skin_borebot_atk_slash,minis_miner_borebot
sfx_mini_skin_borebot_skill_cast,event:/Battle/minis/skin/miner/sfx_mini_skin_borebot_skill_cast,minis_miner_borebot
sfx_mini_skin_borebot_skill_end,event:/Battle/minis/skin/miner/sfx_mini_skin_borebot_skill_end,minis_miner_borebot
sfx_mini_skin_borebot_atk,event:/Battle/minis/skin/miner/sfx_mini_skin_borebot_atk,minis_miner_borebot
sfx_mini_skin_borebot_atk_hit_01,event:/Battle/minis/skin/miner/sfx_mini_skin_borebot_atk_hit_01,minis_miner_borebot
sfx_mini_skin_borebot_atk_end,event:/Battle/minis/skin/miner/sfx_mini_skin_borebot_atk_end,minis_miner_borebot
sfx_mini_skin_borebot_skill_loop,event:/Battle/minis/skin/miner/sfx_mini_skin_borebot_skill_loop,minis_miner_borebot
sfx_mini_skin_borebot_drop,event:/Battle/minis/skin/miner/sfx_mini_skin_borebot_drop,minis_miner_borebot
trigger_stop_borebot_skill_loop,event:/Battle/minis/skin/miner/trigger_stop_borebot_skill_loop,minis_miner_borebot
sfx_mini_skin_borebot_pick,event:/Battle/minis/skin/miner/sfx_mini_skin_borebot_pick,minis_miner_borebot
sfx_mini_minipeaka_cast,event:/Battle/minis/mini_fighter/minipeaka/sfx_mini_minipeaka_cast,minis_minipeakka
sfx_mini_minipeaka_atk_01,event:/Battle/minis/mini_fighter/minipeaka/sfx_mini_minipeaka_atk_01,minis_minipeakka
sfx_mini_minipeaka_move,event:/Battle/minis/mini_fighter/minipeaka/sfx_mini_minipeaka_move,minis_minipeakka
sfx_mini_minipeaka_atk_hit,event:/Battle/minis/mini_fighter/minipeaka/sfx_mini_minipeaka_atk_hit,minis_minipeakka
sfx_mini_minipeaka_atk_hit_c,event:/Battle/minis/mini_fighter/minipeaka/sfx_mini_minipeaka_atk_hit_c,minis_minipeakka
sfx_mini_skin_helpfu_drop,event:/Battle/minis/skin/minipekka/sfx_mini_skin_helpfu_drop,minis_minipeakka_helpful
sfx_mini_helpfu_atk_hit_cri,event:/Battle/minis/skin/minipekka/sfx_mini_helpfu_atk_hit_cri,minis_minipeakka_helpful
sfx_mini_skin_helpfu_move_atk_hit,event:/Battle/minis/skin/minipekka/sfx_mini_skin_helpfu_move_atk_hit,minis_minipeakka_helpful
sfx_mini_skin_helpfu_move,event:/Battle/minis/skin/minipekka/sfx_mini_skin_helpfu_move,minis_minipeakka_helpful
sfx_mini_skin_pc_atk,event:/Battle/minis/skin/minipekka/sfx_mini_skin_pc_atk,minis_minipeakka_pc
sfx_mini_skin_pc_drop,event:/Battle/minis/skin/minipekka/sfx_mini_skin_pc_drop,minis_minipeakka_pc
sfx_mini_skin_pc_atk_c_hit,event:/Battle/minis/skin/minipekka/sfx_mini_skin_pc_atk_c_hit,minis_minipeakka_pc
sfx_mini_skin_pc_move,event:/Battle/minis/skin/minipekka/sfx_mini_skin_pc_move,minis_minipeakka_pc
sfx_mini_skin_pc_pick,event:/Battle/minis/skin/minipekka/sfx_mini_skin_pc_pick,minis_minipeakka_pc
sfx_mini_skin_pc_atk_hit,event:/Battle/minis/skin/minipekka/sfx_mini_skin_pc_atk_hit,minis_minipeakka_pc
sfx_mini_musketeer_skill_hit,event:/Battle/minis/mini_ranger/musketeer/sfx_mini_musketeer_skill_hit,minis_musketeer
sfx_mini_musketeer_move,event:/Battle/minis/mini_ranger/musketeer/sfx_mini_musketeer_move,minis_musketeer
sfx_mini_musketeer_skill,event:/Battle/minis/mini_ranger/musketeer/sfx_mini_musketeer_skill,minis_musketeer
sfx_mini_musketeer_atk,event:/Battle/minis/mini_ranger/musketeer/sfx_mini_musketeer_atk,minis_musketeer
sfx_mini_musketeer_atk_hit,event:/Battle/minis/mini_ranger/musketeer/sfx_mini_musketeer_atk_hit,minis_musketeer
sfx_mini_pekka_move,event:/Battle/minis/mini_tank/pekka/sfx_mini_pekka_move,minis_pekka
sfx_mini_pekka_jump,event:/Battle/minis/mini_tank/pekka/sfx_mini_pekka_jump,minis_pekka
sfx_mini_pekka_atk_cast,event:/Battle/minis/mini_tank/pekka/sfx_mini_pekka_atk_cast,minis_pekka
sfx_mini_pekka_sheildup,event:/Battle/minis/mini_tank/pekka/sfx_mini_pekka_sheildup,minis_pekka
sfx_mini_pekka_atk_hit_c,event:/Battle/minis/mini_tank/pekka/sfx_mini_pekka_atk_hit_c,minis_pekka
sfx_mini_pekka_atk_hit,event:/Battle/minis/mini_tank/pekka/sfx_mini_pekka_atk_hit,minis_pekka
sfx_mini_pekka_atk,event:/Battle/minis/mini_tank/pekka/sfx_mini_pekka_atk,minis_pekka
sfx_mini_prience_charge_hit,event:/Battle/minis/mini_fighter/prience/sfx_mini_prience_charge_hit,minis_prience
sfx_mini_prience_charge_miss,event:/Battle/minis/mini_fighter/prience/sfx_mini_prience_charge_miss,minis_prience
sfx_mini_prience_horse_move,event:/Battle/minis/mini_fighter/prience/sfx_mini_prience_horse_move,minis_prience
sfx_mini_prience_horse_atk,event:/Battle/minis/mini_fighter/prience/sfx_mini_prience_horse_atk,minis_prience
sfx_mini_prience_horse_atk_hit,event:/Battle/minis/mini_fighter/prience/sfx_mini_prience_horse_atk_hit,minis_prience
sfx_mini_prience_atk_hit,event:/Battle/minis/mini_fighter/prience/sfx_mini_prience_atk_hit,minis_prience
sfx_mini_prience_horse_born,event:/Battle/minis/mini_fighter/prience/sfx_mini_prience_horse_born,minis_prience
sfx_mini_skin_roblin_atk_reload,event:/Battle/minis/skin/speargoblin/sfx_mini_skin_roblin_atk_reload,minis_roblin
sfx_mini_skin_roblin_atk_hit,event:/Battle/minis/skin/speargoblin/sfx_mini_skin_roblin_atk_hit,minis_roblin
sfx_mini_skin_roblin_skill_cast,event:/Battle/minis/skin/speargoblin/sfx_mini_skin_roblin_skill_cast,minis_roblin
sfx_mini_skin_roblin_atk,event:/Battle/minis/skin/speargoblin/sfx_mini_skin_roblin_atk,minis_roblin
sfx_mini_skin_roblin_reload,event:/Battle/minis/skin/speargoblin/sfx_mini_skin_roblin_reload,minis_roblin
sfx_mini_skin_roblin_pick,event:/Battle/minis/skin/speargoblin/sfx_mini_skin_roblin_pick,minis_roblin
sfx_mini_skin_roblin_skill_impact,event:/Battle/minis/skin/speargoblin/sfx_mini_skin_roblin_skill_impact,minis_roblin
sfx_mini_skin_roblin_drop,event:/Battle/minis/skin/speargoblin/sfx_mini_skin_roblin_drop,minis_roblin
sfx_mini_skin_roblin_skill,event:/Battle/minis/skin/speargoblin/sfx_mini_skin_roblin_skill,minis_roblin
sfx_mini_skin_snowler_move,event:/Battle/minis/skin/bowler/sfx_mini_skin_snowler_move,minis_snowler
sfx_mini_skin_snowler_skill_calsh,event:/Battle/minis/skin/bowler/sfx_mini_skin_snowler_skill_calsh,minis_snowler
sfx_mini_skin_snowler_atk,event:/Battle/minis/skin/bowler/sfx_mini_skin_snowler_atk,minis_snowler
sfx_mini_skin_snowler_atk_hit,event:/Battle/minis/skin/bowler/sfx_mini_skin_snowler_atk_hit,minis_snowler
sfx_mini_skin_snowler_atk_cast,event:/Battle/minis/skin/bowler/sfx_mini_skin_snowler_atk_cast,minis_snowler
sfx_mini_skin_snowler_drop,event:/Battle/minis/skin/bowler/sfx_mini_skin_snowler_drop,minis_snowler
sfx_mini_skin_snowler_pick,event:/Battle/minis/skin/bowler/sfx_mini_skin_snowler_pick,minis_snowler
sfx_mini_darkgoblin_atk,event:/Battle/minis/mini_ranger/darkgoblin/sfx_mini_darkgoblin_atk,minis_speargoblin
sfx_mini_speargoblin_atk_cast,event:/Battle/minis/mini_ranger/speargoblin/sfx_mini_speargoblin_atk_cast,minis_speargoblin
sfx_mini_speargoblin_atk,event:/Battle/minis/mini_ranger/speargoblin/sfx_mini_speargoblin_atk,minis_speargoblin
sfx_mini_darkgoblin_move,event:/Battle/minis/mini_ranger/darkgoblin/sfx_mini_darkgoblin_move,minis_speargoblin
sfx_mini_speargoblin_move,event:/Battle/minis/mini_ranger/speargoblin/sfx_mini_speargoblin_move,minis_speargoblin
sfx_mini_darkgoblin_atk_hit,event:/Battle/minis/mini_ranger/darkgoblin/sfx_mini_darkgoblin_atk_hit,minis_speargoblin
sfx_mini_speargoblin_skill,event:/Battle/minis/mini_ranger/speargoblin/sfx_mini_speargoblin_skill,minis_speargoblin
sfx_mini_speargoblin_skill_hit,event:/Battle/minis/mini_ranger/speargoblin/sfx_mini_speargoblin_skill_hit,minis_speargoblin
sfx_mini_speargoblin_atk_hit,event:/Battle/minis/mini_ranger/speargoblin/sfx_mini_speargoblin_atk_hit,minis_speargoblin
sfx_mini_skin_candyelf_atk,event:/Battle/minis/skin/speargoblin/sfx_mini_skin_candyelf_atk,minis_speargoblin_candyelf
sfx_mini_skin_candyelf_skill,event:/Battle/minis/skin/speargoblin/sfx_mini_skin_candyelf_skill,minis_speargoblin_candyelf
sfx_mini_skin_candyelf_drop,event:/Battle/minis/skin/speargoblin/sfx_mini_skin_candyelf_drop,minis_speargoblin_candyelf
sfx_mini_skin_candyelf_skill_hit,event:/Battle/minis/skin/speargoblin/sfx_mini_skin_candyelf_skill_hit,minis_speargoblin_candyelf
sfx_mini_skin_candyelf_atk_hit,event:/Battle/minis/skin/speargoblin/sfx_mini_skin_candyelf_atk_hit,minis_speargoblin_candyelf
sfx_mini_skin_candyelf_atk_cast,event:/Battle/minis/skin/speargoblin/sfx_mini_skin_candyelf_atk_cast,minis_speargoblin_candyelf
sfx_mini_swordman_skill_cast,event:/Battle/minis/mini_fighter/swordman/sfx_mini_swordman_skill_cast,minis_swordman
sfx_mini_swordman_atk_hit,event:/Battle/minis/mini_fighter/swordman/sfx_mini_swordman_atk_hit,minis_swordman
sfx_mini_swordman_skill_end,event:/Battle/minis/mini_fighter/swordman/sfx_mini_swordman_skill_end,minis_swordman
sfx_mini_swordman_skill,event:/Battle/minis/mini_fighter/swordman/sfx_mini_swordman_skill,minis_swordman
sfx_mini_swordman_atk_cast,event:/Battle/minis/mini_fighter/swordman/sfx_mini_swordman_atk_cast,minis_swordman
sfx_mini_swordman_atk,event:/Battle/minis/mini_fighter/swordman/sfx_mini_swordman_atk,minis_swordman
sfx_mini_swordman_move,event:/Battle/minis/mini_fighter/swordman/sfx_mini_swordman_move,minis_swordman
sfx_mini_valkyrie_skill_hit,event:/Battle/minis/mini_fighter/valkyrie/sfx_mini_valkyrie_skill_hit,minis_valkyrie
sfx_mini_valkyrie_attack_end,event:/Battle/minis/mini_fighter/valkyrie/sfx_mini_valkyrie_attack_end,minis_valkyrie
sfx_mini_valkyrie_skill_whoosh,event:/Battle/minis/mini_fighter/valkyrie/sfx_mini_valkyrie_skill_whoosh,minis_valkyrie
sfx_mini_valkyrie_move,event:/Battle/minis/mini_fighter/valkyrie/sfx_mini_valkyrie_move,minis_valkyrie
sfx_mini_valkyrie_attack_hit,event:/Battle/minis/mini_fighter/valkyrie/sfx_mini_valkyrie_attack_hit,minis_valkyrie
sfx_mini_valkyrie_attack,event:/Battle/minis/mini_fighter/valkyrie/sfx_mini_valkyrie_attack,minis_valkyrie
jingle_banquethall_game_loss,event:/BGM/board/banquethall/jingle_banquethall_game_loss,music_banquethall
jingle_banquethall_win,event:/BGM/board/banquethall/jingle_banquethall_win,music_banquethall
jingle_banquethall_game_win,event:/BGM/board/banquethall/jingle_banquethall_game_win,music_banquethall
jingle_banquethall_loss,event:/BGM/board/banquethall/jingle_banquethall_loss,music_banquethall
jingle_barbtronplant_game_loss,event:/BGM/board/barbtronplant/jingle_barbtronplant_game_loss,music_barbtronplant
jingle_barbtronplant_win,event:/BGM/board/barbtronplant/jingle_barbtronplant_win,music_barbtronplant
jingle_barbtronplant_loss,event:/BGM/board/barbtronplant/jingle_barbtronplant_loss,music_barbtronplant
jingle_barbtronplant_game_win,event:/BGM/board/barbtronplant/jingle_barbtronplant_game_win,music_barbtronplant
jingle_healingtemple_game_win,event:/BGM/board/healingtemple/jingle_healingtemple_game_win,music_healingtemple
jingle_healingtemple_loss,event:/BGM/board/healingtemple/jingle_healingtemple_loss,music_healingtemple
jingle_healingtemple_win,event:/BGM/board/healingtemple/jingle_healingtemple_win,music_healingtemple
jingle_healingtemple_game_loss,event:/BGM/board/healingtemple/jingle_healingtemple_game_loss,music_healingtemple
jingle_mistforest_game_loss,event:/BGM/board/mistforest/jingle_mistforest_game_loss,music_mistforest
jingle_mistforest_loss,event:/BGM/board/mistforest/jingle_mistforest_loss,music_mistforest
jingle_mistforest_game_win,event:/BGM/board/mistforest/jingle_mistforest_game_win,music_mistforest
jingle_mistforest_win,event:/BGM/board/mistforest/jingle_mistforest_win,music_mistforest
jingle_shipwerck_win,event:/BGM/board/shipwerck/jingle_shipwerck_win,music_shipwerck
jingle_shipwerck_loss,event:/BGM/board/shipwerck/jingle_shipwerck_loss,music_shipwerck
jingle_shipwerck_game_loss,event:/BGM/board/shipwerck/jingle_shipwerck_game_loss,music_shipwerck
jingle_shipwerck_game_win,event:/BGM/board/shipwerck/jingle_shipwerck_game_win,music_shipwerck
jingle_under_win,event:/BGM/board/under/jingle_under_win,music_under
jingle_under_game_loss,event:/BGM/board/under/jingle_under_game_loss,music_under
jingle_under_game_win,event:/BGM/board/under/jingle_under_game_win,music_under
jingle_under_loss,event:/BGM/board/under/jingle_under_loss,music_under
jingle_windyplains_loss,event:/BGM/board/windyplains/jingle_windyplains_loss,music_windyplains
jingle_windyplains_win,event:/BGM/board/windyplains/jingle_windyplains_win,music_windyplains
jingle_windyplains_game_loss,event:/BGM/board/windyplains/jingle_windyplains_game_loss,music_windyplains
jingle_windyplains_game_win,event:/BGM/board/windyplains/jingle_windyplains_game_win,music_windyplains
sfx_raccon_skill,event:/Battle/minis/skin/bandit/sfx_raccon_skill,raccon
sfx_raccon_atk,event:/Battle/minis/skin/bandit/sfx_raccon_atk,raccon
sfx_raccon_drop,event:/Battle/minis/skin/bandit/sfx_raccon_drop,raccon
sfx_raccon_atk_hit,event:/Battle/minis/skin/bandit/sfx_raccon_atk_hit,raccon
sfx_raccon_pick,event:/Battle/minis/skin/bandit/sfx_raccon_pick,raccon
sfx_arcticmage_skill,event:/Battle/minis/skin/icewizard/sfx_arcticmage_skill,skin_articmage
sfx_arcticmage_atk_hit,event:/Battle/minis/skin/icewizard/sfx_arcticmage_atk_hit,skin_articmage
sfx_arcticmage_atk,event:/Battle/minis/skin/icewizard/sfx_arcticmage_atk,skin_articmage
sfx_arcticmage_drop,event:/Battle/minis/skin/icewizard/sfx_arcticmage_drop,skin_articmage
sfx_hero_skin_astral_deer_atk,event:/Battle/hero/skin/natureborn/sfx_hero_skin_astral_deer_atk,skin_astral
sfx_hero_skin_astral_atk,event:/Battle/hero/skin/natureborn/sfx_hero_skin_astral_atk,skin_astral
sfx_hero_skin_astral_t_human,event:/Battle/hero/skin/natureborn/sfx_hero_skin_astral_t_human,skin_astral
sfx_hero_skin_astral_deer_atk_hit,event:/Battle/hero/skin/natureborn/sfx_hero_skin_astral_deer_atk_hit,skin_astral
sfx_hero_skin_astral_deer_pick,event:/Battle/hero/skin/natureborn/sfx_hero_skin_astral_deer_pick,skin_astral
sfx_hero_skin_astral_deer_drop,event:/Battle/hero/skin/natureborn/sfx_hero_skin_astral_deer_drop,skin_astral
sfx_hero_skin_astral_pick,event:/Battle/hero/skin/natureborn/sfx_hero_skin_astral_pick,skin_astral
sfx_hero_skin_astral_deer_skill,event:/Battle/hero/skin/natureborn/sfx_hero_skin_astral_deer_skill,skin_astral
event_natureborn_skin_bgm,event:/Battle/hero/skin/natureborn/event_natureborn_skin_bgm,skin_astral
sfx_hero_skin_astral_skill,event:/Battle/hero/skin/natureborn/sfx_hero_skin_astral_skill,skin_astral
sfx_hero_skin_astral_skill_healing_cast,event:/Battle/hero/skin/natureborn/sfx_hero_skin_astral_skill_healing_cast,skin_astral
sfx_hero_skin_astral_skill_healing_hit,event:/Battle/hero/skin/natureborn/sfx_hero_skin_astral_skill_healing_hit,skin_astral
sfx_hero_skin_astral_t_deer,event:/Battle/hero/skin/natureborn/sfx_hero_skin_astral_t_deer,skin_astral
sfx_hero_skin_astral_atk_hit,event:/Battle/hero/skin/natureborn/sfx_hero_skin_astral_atk_hit,skin_astral
sfx_hero_skin_astral_drop,event:/Battle/hero/skin/natureborn/sfx_hero_skin_astral_drop,skin_astral
sfx_barkbarian_upgrade,event:/Battle/minis/skin/barbarian/sfx_barkbarian_upgrade,skin_barkbarian
sfx_barkbarian_skill,event:/Battle/minis/skin/barbarian/sfx_barkbarian_skill,skin_barkbarian
sfx_barkbarian_hit,event:/Battle/minis/skin/barbarian/sfx_barkbarian_hit,skin_barkbarian
sfx_barkbarian_atk_vo,event:/Battle/minis/skin/barbarian/sfx_barkbarian_atk_vo,skin_barkbarian
sfx_barkbarian_atk,event:/Battle/minis/skin/barbarian/sfx_barkbarian_atk,skin_barkbarian
sfx_barkbarian_atk_m,event:/Battle/minis/skin/barbarian/sfx_barkbarian_atk_m,skin_barkbarian
sfx_barkbarian_pick,event:/Battle/minis/skin/barbarian/sfx_barkbarian_pick,skin_barkbarian
sfx_barkbarian_atk_f,event:/Battle/minis/skin/barbarian/sfx_barkbarian_atk_f,skin_barkbarian
sfx_barkbarian_drop,event:/Battle/minis/skin/barbarian/sfx_barkbarian_drop,skin_barkbarian
sfx_hero_skin_clown_skill,event:/Battle/hero/skin/countess/sfx_hero_skin_clown_skill,skin_clown
sfx_hero_skin_clown_skill_hit,event:/Battle/hero/skin/countess/sfx_hero_skin_clown_skill_hit,skin_clown
sfx_hero_skin_clown_drop,event:/Battle/hero/skin/countess/sfx_hero_skin_clown_drop,skin_clown
sfx_hero_skin_clown_atk,event:/Battle/hero/skin/countess/sfx_hero_skin_clown_atk,skin_clown
sfx_hero_skin_cowboy_skill,event:/Battle/hero/skin/barbarianking/sfx_hero_skin_cowboy_skill,skin_cowboy
sfx_hero_skin_cowboy_attack_hit,event:/Battle/hero/skin/barbarianking/sfx_hero_skin_cowboy_attack_hit,skin_cowboy
sfx_hero_skin_cowboy_drop,event:/Battle/hero/skin/barbarianking/sfx_hero_skin_cowboy_drop,skin_cowboy
sfx_hero_skin_cowboy_move,event:/Battle/hero/skin/barbarianking/sfx_hero_skin_cowboy_move,skin_cowboy
sfx_hero_skin_dragon_atk_swep,event:/Battle/hero/skin/wavemaster/sfx_hero_skin_dragon_atk_swep,skin_dragon
sfx_hero_skin_dragon_skill_cast,event:/Battle/hero/skin/wavemaster/sfx_hero_skin_dragon_skill_cast,skin_dragon
sfx_hero_skin_dragon_skill_end,event:/Battle/hero/skin/wavemaster/sfx_hero_skin_dragon_skill_end,skin_dragon
sfx_hero_skin_dragon_move,event:/Battle/hero/skin/wavemaster/sfx_hero_skin_dragon_move,skin_dragon
sfx_hero_skin_dragon_atk,event:/Battle/hero/skin/wavemaster/sfx_hero_skin_dragon_atk,skin_dragon
sfx_hero_skin_jolly_skill,event:/Battle/hero/skin/barbarianking/sfx_hero_skin_jolly_skill,skin_jolly
sfx_hero_skin_jolly_atk_cast,event:/Battle/hero/skin/barbarianking/sfx_hero_skin_jolly_atk_cast,skin_jolly
sfx_hero_skin_jolly_atk_hit,event:/Battle/hero/skin/barbarianking/sfx_hero_skin_jolly_atk_hit,skin_jolly
sfx_hero_skin_jolly_move,event:/Battle/hero/skin/barbarianking/sfx_hero_skin_jolly_move,skin_jolly
sfx_hero_skin_jolly_drop,event:/Battle/hero/skin/barbarianking/sfx_hero_skin_jolly_drop,skin_jolly
sfx_lumberdale_drop,event:/Battle/minis/skin/lumberjack/sfx_lumberdale_drop,skin_lumberdale
sfx_lumberdale_atk_hit,event:/Battle/minis/skin/lumberjack/sfx_lumberdale_atk_hit,skin_lumberdale
sfx_lumberdale_skill,event:/Battle/minis/skin/lumberjack/sfx_lumberdale_skill,skin_lumberdale
sfx_lumberdale_pick,event:/Battle/minis/skin/lumberjack/sfx_lumberdale_pick,skin_lumberdale
sfx_hero_skin_lunchador_skill_super,event:/Battle/hero/skin/monk/sfx_hero_skin_lunchador_skill_super,skin_lunchador
sfx_hero_skin_lunchador_drop,event:/Battle/hero/skin/monk/sfx_hero_skin_lunchador_drop,skin_lunchador
sfx_hero_skin_lunchador_skill_clash,event:/Battle/hero/skin/monk/sfx_hero_skin_lunchador_skill_clash,skin_lunchador
sfx_hero_skin_lunchador_move,event:/Battle/hero/skin/monk/sfx_hero_skin_lunchador_move,skin_lunchador
sfx_hero_skin_lunchador_atk,event:/Battle/hero/skin/monk/sfx_hero_skin_lunchador_atk,skin_lunchador
sfx_mini_muscateer_atk,event:/Battle/minis/skin/muscateer/sfx_mini_muscateer_atk,skin_muscateer
sfx_mini_muscateer_skill_hit,event:/Battle/minis/skin/muscateer/sfx_mini_muscateer_skill_hit,skin_muscateer
sfx_mini_muscateer_egg,event:/Battle/minis/skin/muscateer/sfx_mini_muscateer_egg,skin_muscateer
sfx_mini_muscateer_drop,event:/Battle/minis/skin/muscateer/sfx_mini_muscateer_drop,skin_muscateer
sfx_mini_muscateer_death,event:/Battle/minis/skin/muscateer/sfx_mini_muscateer_death,skin_muscateer
sfx_mini_muscateer_skill,event:/Battle/minis/skin/muscateer/sfx_mini_muscateer_skill,skin_muscateer
sfx_mini_muscateer_atk_hit,event:/Battle/minis/skin/muscateer/sfx_mini_muscateer_atk_hit,skin_muscateer
sfx_hero_skin_shelly_skill_super,event:/Battle/hero/skin/royalchampion/sfx_hero_skin_shelly_skill_super,skin_shelly
sfx_hero_skin_shelly_skill_clash,event:/Battle/hero/skin/royalchampion/sfx_hero_skin_shelly_skill_clash,skin_shelly
sfx_hero_skin_shelly_skill_super_hit,event:/Battle/hero/skin/royalchampion/sfx_hero_skin_shelly_skill_super_hit,skin_shelly
sfx_hero_skin_shelly_skill_clash_hit,event:/Battle/hero/skin/royalchampion/sfx_hero_skin_shelly_skill_clash_hit,skin_shelly
sfx_hero_skin_shelly_atk_hit,event:/Battle/hero/skin/royalchampion/sfx_hero_skin_shelly_atk_hit,skin_shelly
sfx_hero_skin_shelly_drop,event:/Battle/hero/skin/royalchampion/sfx_hero_skin_shelly_drop,skin_shelly
sfx_hero_skin_shelly_atk,event:/Battle/hero/skin/royalchampion/sfx_hero_skin_shelly_atk,skin_shelly
sfx_hero_skin_under_drop,event:/Battle/hero/skin/skeletonking/sfx_hero_skin_under_drop,skin_under
sfx_hero_skin_under_move,event:/Battle/hero/skin/skeletonking/sfx_hero_skin_under_move,skin_under
sfx_hero_skin_under_atk_cri,event:/Battle/hero/skin/skeletonking/sfx_hero_skin_under_atk_cri,skin_under
sfx_hero_skin_under_atk,event:/Battle/hero/skin/skeletonking/sfx_hero_skin_under_atk,skin_under
sfx_hero_skin_under_charge,event:/Battle/hero/skin/skeletonking/sfx_hero_skin_under_charge,skin_under
sfx_hero_skin_under_reborn,event:/Battle/hero/skin/skeletonking/sfx_hero_skin_under_reborn,skin_under
sfx_hero_skin_under_skill,event:/Battle/hero/skin/skeletonking/sfx_hero_skin_under_skill,skin_under
sfx_hero_skin_victory_drop,event:/Battle/hero/skin/shieldmaidan/sfx_hero_skin_victory_drop,skin_victory
sfx_hero_skin_victory_skill_super,event:/Battle/hero/skin/shieldmaidan/sfx_hero_skin_victory_skill_super,skin_victory
sfx_hero_skin_victory_atk,event:/Battle/hero/skin/shieldmaidan/sfx_hero_skin_victory_atk,skin_victory
sfx_hero_skin_victory_skill_clash,event:/Battle/hero/skin/shieldmaidan/sfx_hero_skin_victory_skill_clash,skin_victory
sfx_wabbit_atk_cast,event:/Battle/minis/skin/wizard/sfx_wabbit_atk_cast,skin_wabbit
sfx_wabbit_atk_hit,event:/Battle/minis/skin/wizard/sfx_wabbit_atk_hit,skin_wabbit
sfx_wabbit_drop,event:/Battle/minis/skin/wizard/sfx_wabbit_drop,skin_wabbit
ui_confirm,event:/UI/ui/ui_confirm,ui
ui_raid_whoosh,event:/UI/ui/ui_raid_whoosh,ui
ui_room_beenremoved,event:/UI/ui/ui_room_beenremoved,ui
ui_tutorial_guide_bubble,event:/UI/ui/ui_tutorial_guide_bubble,ui
ui_popup_pvp_unlock,event:/UI/ui/ui_popup_pvp_unlock,ui
ui_collection_upgrade_event_off,event:/UI/ui_collection/ui_collection_upgrade_event_off,ui
ui_start_rumble,event:/UI/ui/ui_start_rumble,ui
ui_items_get_coin,event:/UI/ui/ui_items_get_coin,ui
ui_collection_mini_info_longpress_b,event:/UI/ui_collection/ui_collection_mini_info_longpress_b,ui
ui_openchest,event:/UI/ui/ui_openchest,ui
ui_click_clan,event:/UI/ui/ui_click_clan,ui
ui_openbox_openedup_mini,event:/UI/ui/ui_openbox_openedup_mini,ui
ui_items_get_star,event:/UI/ui/ui_items_get_star,ui
ui_chest_appear,event:/UI/ui/ui_chest_appear,ui
ui_unitcard_whoosh,event:/UI/ui/ui_unitcard_whoosh,ui
ui_raid_boss_enter_whoosh,event:/UI/ui/ui_raid_boss_enter_whoosh,ui
ui_select_fx_light,event:/UI/ui/ui_select_fx_light,ui
ui_click_collection,event:/UI/ui/ui_click_collection,ui
ui_room_leaveme,event:/UI/ui/ui_room_leaveme,ui
ui_popup_whoosh,event:/UI/ui/ui_popup_whoosh,ui
ui_levelup_bigui,event:/UI/ui/ui_levelup_bigui,ui
ui_amb_jingle_hitfly,event:/UI/ui/ui_amb_jingle_hitfly,ui
ui_map_hero_move_fall,event:/UI/ui/ui_map_hero_move_fall,ui
ui_season_chest_appear,event:/UI/ui/ui_season_chest_appear,ui
ui_mode_fx_r2c,event:/UI/ui/ui_mode_fx_r2c,ui
ui_daily_gift_today_reward,event:/UI/ui/ui_daily_gift_today_reward,ui
ui_chest_land,event:/UI/ui/ui_chest_land,ui
ui_map_banner_tobig_fx,event:/UI/ui/ui_map_banner_tobig_fx,ui
ui_chest_unlock_fx,event:/UI/ui/ui_chest_unlock_fx,ui
ui_click_trophyroad,event:/UI/ui/ui_click_trophyroad,ui
ui_room_addme,event:/UI/ui/ui_room_addme,ui
ui_openbox_allitems_appear,event:/UI/ui/ui_openbox_allitems_appear,ui
ui_notification_unlock,event:/UI/ui/ui_notification_unlock,ui
ui_unlock_bossskill,event:/UI/ui/ui_unlock_bossskill,ui
ui_message_send,event:/UI/ui/ui_message_send,ui
ui_display_roles_move,event:/UI/ui/ui_display_roles_move,ui
ui_cancel,event:/UI/ui/ui_cancel,ui
ui_room_remove,event:/UI/ui/ui_room_remove,ui
ui_map_hero_jump,event:/UI/ui/ui_map_hero_jump,ui
ui_click_shop,event:/UI/ui/ui_click_shop,ui
ui_tutorial_guide_whoosh,event:/UI/ui/ui_tutorial_guide_whoosh,ui
ui_click_tab,event:/UI/ui/ui_click_tab,ui
ui_chest_swing,event:/UI/ui/ui_chest_swing,ui
ui_mode_fx_c2r,event:/UI/ui/ui_mode_fx_c2r,ui
ui_season_horse_move_stop,event:/UI/ui/ui_season_horse_move_stop,ui
ui_click,event:/UI/ui/ui_click,ui
ui_collection_ability_upgrade,event:/UI/ui_collection/ui_collection_ability_upgrade,ui
ui_daily_gift_whoosh_down,event:/UI/ui/ui_daily_gift_whoosh_down,ui
ui_items_tiers_fly,event:/UI/ui/ui_items_tiers_fly,ui
ui_openbox_openedup_items,event:/UI/ui/ui_openbox_openedup_items,ui
ui_openbox_items_disappear,event:/UI/ui/ui_openbox_items_disappear,ui
ui_collection_mini_upgrade,event:/UI/ui_collection/ui_collection_mini_upgrade,ui
ui_chest_fall_impact,event:/UI/ui/ui_chest_fall_impact,ui
ui_openchest_box_appear,event:/UI/ui/ui_openchest_box_appear,ui
ui_click_battle,event:/UI/ui/ui_click_battle,ui
ui_message_receive,event:/UI/ui/ui_message_receive,ui
ui_season_chest_bar_number,event:/UI/ui/ui_season_chest_bar_number,ui
ui_pve_mod_switch,event:/UI/ui/ui_pve_mod_switch,ui
ui_unlock,event:/UI/ui/ui_unlock,ui
ui_daily_gift_gain_reward,event:/UI/ui/ui_daily_gift_gain_reward,ui
ui_season_buying_fx_minipassup,event:/UI/ui/ui_season_buying_fx_minipassup,ui
ui_whoosh_up,event:/UI/ui/ui_whoosh_up,ui
ui_inform_cardturn,event:/UI/ui/ui_inform_cardturn,ui
ui_result_winboss,event:/UI/ui/ui_result_winboss,ui
ui_collection_mini_info_longpress_a,event:/UI/ui_collection/ui_collection_mini_info_longpress_a,ui
ui_openbox_openedup_hero,event:/UI/ui/ui_openbox_openedup_hero,ui
ui_quests_openedup_fx,event:/UI/ui/ui_quests_openedup_fx,ui
ui_season_chest_mini_appear,event:/UI/ui/ui_season_chest_mini_appear,ui
ui_openbox_bigstar_fx,event:/UI/ui/ui_openbox_bigstar_fx,ui
ui_items_get_medal,event:/UI/ui/ui_items_get_medal,ui
ui_map_banner_change_fx,event:/UI/ui/ui_map_banner_change_fx,ui
ui_whoosh_down,event:/UI/ui/ui_whoosh_down,ui
ui_start,event:/UI/ui/ui_start,ui
ui_openbox_swing,event:/UI/ui/ui_openbox_swing,ui
ui_display_click_dropdown,event:/UI/ui/ui_display_click_dropdown,ui
ui_map_banner_flip_change_fx,event:/UI/ui/ui_map_banner_flip_change_fx,ui
ui_raid_start_warning,event:/UI/ui/ui_raid_start_warning,ui
ui_season_buying_fx_minipassdown,event:/UI/ui/ui_season_buying_fx_minipassdown,ui
ui_notenough,event:/UI/ui/ui_notenough,ui
ui_season_banner_number_light,event:/UI/ui/ui_season_banner_number_light,ui
ui_notification_text,event:/UI/ui/ui_notification_text,ui
ui_openbox_bar_fx,event:/UI/ui/ui_openbox_bar_fx,ui
ui_amb_crowd,event:/UI/ui/ui_amb_crowd,ui
ui_card_upgrade_fx,event:/UI/ui/ui_card_upgrade_fx,ui
ui_raid_boss_lvup_whoosh,event:/UI/ui/ui_raid_boss_lvup_whoosh,ui
ui_result_loseboss,event:/UI/ui/ui_result_loseboss,ui
ui_openbox_bar_number,event:/UI/ui/ui_openbox_bar_number,ui
ui_items_get_token,event:/UI/ui/ui_items_get_token,ui
ui_collection_hero_upgrade,event:/UI/ui_collection/ui_collection_hero_upgrade,ui
ui_season_horse_move_loop,event:/UI/ui/ui_season_horse_move_loop,ui
ui_unlock_01,event:/UI/ui/ui_unlock_01,ui
ui_items_get_gem,event:/UI/ui/ui_items_get_gem,ui
ui_openbox_bigstar_getstar,event:/UI/ui/ui_openbox_bigstar_getstar,ui
ui_bat_result_banner_lose,event:/UI/ui_bat/ui_bat_result_banner_lose,ui_bat
ui_bat_result_banner_appear,event:/UI/ui_bat/ui_bat_result_banner_appear,ui_bat
ui_bat_combat_lose3_jingle,event:/UI/ui_bat/ui_bat_combat_lose3_jingle,ui_bat
ui_bat_prep_start_box_appear,event:/UI/ui_bat/ui_bat_prep_start_box_appear,ui_bat
ui_bat_reroll_grayfx,event:/UI/ui_bat/ui_bat_reroll_grayfx,ui_bat
giz_active,event:/Battle/gizmos/giz_active,ui_bat
ui_bat_flag_appear,event:/UI/ui_bat/ui_bat_flag_appear,ui_bat
ui_bat_rumble_playerbanner_whooshdown,event:/UI/ui_bat/ui_bat_rumble_playerbanner_whooshdown,ui_bat
ui_bat_combat_win_234,event:/UI/ui_bat/ui_bat_combat_win_234,ui_bat
ui_bat_pve_elixir_bottle_broken,event:/UI/ui_bat/ui_bat_pve_elixir_bottle_broken,ui_bat
ui_bat_unit_dropdown_shop,event:/UI/ui_bat/ui_bat_unit_dropdown_shop,ui_bat
ui_bat_underhealing_01,event:/UI/ui_bat/ui_bat_underhealing_01,ui_bat
ui_bat_prop_pearl_todown,event:/UI/ui_bat/ui_bat_prop_pearl_todown,ui_bat
ui_bat_prepare_end,event:/UI/ui_bat/ui_bat_prepare_end,ui_bat
ui_bat_reroll,event:/UI/ui_bat/ui_bat_reroll,ui_bat
ui_bat_fx_disappear_burst,event:/UI/ui_bat/ui_bat_fx_disappear_burst,ui_bat
ui_bat_prop_electrocharge,event:/UI/ui_bat/ui_bat_prop_electrocharge,ui_bat
ui_bat_prep_start_bottlenumber,event:/UI/ui_bat/ui_bat_prep_start_bottlenumber,ui_bat
ui_bat_game_start_ui_show,event:/UI/ui_bat/ui_bat_game_start_ui_show,ui_bat
ui_bat_people_crowd_win,event:/UI/ui_bat/ui_bat_people_crowd_win,ui_bat
ui_bat_combat_win_4and5,event:/UI/ui_bat/ui_bat_combat_win_4and5,ui_bat
ui_bat_change_position_fall,event:/UI/ui_bat/ui_bat_change_position_fall,ui_bat
ui_bat_elixir_giant,event:/UI/ui_bat/ui_bat_elixir_giant,ui_bat
ui_bat_prepare_end_cheer,event:/UI/ui_bat/ui_bat_prepare_end_cheer,ui_bat
ui_bat_pve_ready,event:/UI/ui_bat/ui_bat_pve_ready,ui_bat
ui_bat_find_player,event:/UI/ui_bat/ui_bat_find_player,ui_bat
ui_bat_unit_pickup_shop,event:/UI/ui_bat/ui_bat_unit_pickup_shop,ui_bat
ui_bat_change_position_rise,event:/UI/ui_bat/ui_bat_change_position_rise,ui_bat
ui_bat_combat_lose2_jingle,event:/UI/ui_bat/ui_bat_combat_lose2_jingle,ui_bat
ui_bat_prop_pearl_toup,event:/UI/ui_bat/ui_bat_prop_pearl_toup,ui_bat
ui_bat_reroll_graybutton,event:/UI/ui_bat/ui_bat_reroll_graybutton,ui_bat
ui_bat_unit_upgrade,event:/UI/ui_bat/ui_bat_unit_upgrade,ui_bat
ui_battle_gizmos_menu_close,event:/UI/ui_bat/ui_battle_gizmos_menu_close,ui_bat
ui_bat_unit_drop_same_role,event:/UI/ui_bat/ui_bat_unit_drop_same_role,ui_bat
ui_bat_suddendeath,event:/UI/ui_bat/ui_bat_suddendeath,ui_bat
ui_battle_ready_buttom,event:/UI/ui_bat/ui_battle_ready_buttom,ui_bat
ui_bat_prop_mirror,event:/UI/ui_bat/ui_bat_prop_mirror,ui_bat
ui_battle_match_point,event:/UI/ui_bat/ui_battle_match_point,ui_bat
ui_bat_people_crowd_sad,event:/UI/ui_bat/ui_bat_people_crowd_sad,ui_bat
ui_bat_recycle,event:/UI/ui_bat/ui_bat_recycle,ui_bat
ui_bat_elixir_notenough,event:/UI/ui_bat/ui_bat_elixir_notenough,ui_bat
ui_bat_reroll_greenbutton,event:/UI/ui_bat/ui_bat_reroll_greenbutton,ui_bat
ui_bat_timer_countdown,event:/UI/ui_bat/ui_bat_timer_countdown,ui_bat
ui_bat_prop_goldcharge,event:/UI/ui_bat/ui_bat_prop_goldcharge,ui_bat
ui_bat_grand_final_jingle,event:/UI/ui_bat/ui_bat_grand_final_jingle,ui_bat
ui_bat_combat_lose1_jingle,event:/UI/ui_bat/ui_bat_combat_lose1_jingle,ui_bat
ui_bat_enemy_setup,event:/UI/ui_bat/ui_bat_enemy_setup,ui_bat
ui_bat_prop_underhealing,event:/UI/ui_bat/ui_bat_prop_underhealing,ui_bat
ui_bat_prep_start,event:/UI/ui_bat/ui_bat_prep_start,ui_bat
ui_bat_pve_sword_lose,event:/UI/ui_bat/ui_bat_pve_sword_lose,ui_bat
ui_bat_unit_dropdown,event:/UI/ui_bat/ui_bat_unit_dropdown,ui_bat
ui_bat_rumble_playerbanner_whooshup,event:/UI/ui_bat/ui_bat_rumble_playerbanner_whooshup,ui_bat
mute_click,snapshot:/mute_click,ui_bat
ui_bat_prop_electrocharge_loop,event:/UI/ui_bat/ui_bat_prop_electrocharge_loop,ui_bat
ui_bat_prop_under,event:/UI/ui_bat/ui_bat_prop_under,ui_bat
ui_bat_prop_aqua,event:/UI/ui_bat/ui_bat_prop_aqua,ui_bat
ui_battle_gizmos_menu_open,event:/UI/ui_bat/ui_battle_gizmos_menu_open,ui_bat
ui_bat_unit_pickup,event:/UI/ui_bat/ui_bat_unit_pickup,ui_bat
ui_bat_prep_start_whoosh_in,event:/UI/ui_bat/ui_bat_prep_start_whoosh_in,ui_bat
ui_bat_pve_timer_countdown,event:/UI/ui_bat/ui_bat_pve_timer_countdown,ui_bat
ui_bat_prep_start_whoosh_out,event:/UI/ui_bat/ui_bat_prep_start_whoosh_out,ui_bat
ui_bat_underhealing_fx,event:/UI/ui_bat/ui_bat_underhealing_fx,ui_bat
ui_bat_pve_flag_appear,event:/UI/ui_bat/ui_bat_pve_flag_appear,ui_bat
ui_bat_result_champion_appear_jingle,event:/UI/ui_bat/ui_bat_result_champion_appear_jingle,ui_bat
ui_bat_pve_getready,event:/UI/ui_bat/ui_bat_pve_getready,ui_bat
ui_bat_fail_appear_sad,event:/UI/ui_bat/ui_bat_fail_appear_sad,ui_bat
ui_bat_grand_semifinal_jingle,event:/UI/ui_bat/ui_bat_grand_semifinal_jingle,ui_bat
ui_bat_prop_lavaland,event:/UI/ui_bat/ui_bat_prop_lavaland,ui_bat
ui_battle_ready_buttom_cancel,event:/UI/ui_bat/ui_battle_ready_buttom_cancel,ui_bat
ui_bat_combat_win,event:/UI/ui_bat/ui_bat_combat_win,ui_bat
ui_bat_pve_quit,event:/UI/ui_bat/ui_bat_pve_quit,ui_bat
ui_bat_prop_underhealing_loop,event:/UI/ui_bat/ui_bat_prop_underhealing_loop,ui_bat
ui_bat_error_notif,event:/UI/ui_bat/ui_bat_error_notif,ui_bat
amb_event_mistyforest,event:/UI/ui_event_mistyforest/amb_event_mistyforest,ui_event_mistyforest
ui_mistyforest_explore,event:/UI/ui_event_mistyforest/ui_mistyforest_explore,ui_event_mistyforest
ui_mistyforest_unlock_pass,event:/UI/ui_event_mistyforest/ui_mistyforest_unlock_pass,ui_event_mistyforest
ui_mistyforest_battle_start,event:/UI/ui_event_mistyforest/ui_mistyforest_battle_start,ui_event_mistyforest
ui_mistyforest_choose_mini,event:/UI/ui_event_mistyforest/ui_mistyforest_choose_mini,ui_event_mistyforest
ui_mistyforest_pick_mini,event:/UI/ui_event_mistyforest/ui_mistyforest_pick_mini,ui_event_mistyforest
ui_mistyforest_refresh_mini,event:/UI/ui_event_mistyforest/ui_mistyforest_refresh_mini,ui_event_mistyforest
ui_mistyforest_close,event:/UI/ui_event_mistyforest/ui_mistyforest_close,ui_event_mistyforest
ui_mistyforest_open,event:/UI/ui_event_mistyforest/ui_mistyforest_open,ui_event_mistyforest
ui_mistyforest_loss_battle,event:/UI/ui_event_mistyforest/ui_mistyforest_loss_battle,ui_event_mistyforest
ui_mistyforest_use_venture,event:/UI/ui_event_mistyforest/ui_mistyforest_use_venture,ui_event_mistyforest
ui_mistyforest_use_venture_yes,event:/UI/ui_event_mistyforest/ui_mistyforest_use_venture_yes,ui_event_mistyforest
ui_mistyforest_win_1st,event:/UI/ui_event_mistyforest/ui_mistyforest_win_1st,ui_event_mistyforest
ui_mistyforest_win_2st,event:/UI/ui_event_mistyforest/ui_mistyforest_win_2st,ui_event_mistyforest
ui_mistyforest_win_3st,event:/UI/ui_event_mistyforest/ui_mistyforest_win_3st,ui_event_mistyforest
ui_mistyforest_win_lineup,event:/UI/ui_event_mistyforest/ui_mistyforest_win_lineup,ui_event_mistyforest
ui_mistyforest_win_details_medal,event:/UI/ui_event_mistyforest/ui_mistyforest_win_details_medal,ui_event_mistyforest
ui_mistyforest_win_details_token,event:/UI/ui_event_mistyforest/ui_mistyforest_win_details_token,ui_event_mistyforest
ui_mistyforest_win_score_pop,event:/UI/ui_event_mistyforest/ui_mistyforest_win_score_pop,ui_event_mistyforest
ui_mistyforest_win_score_add,event:/UI/ui_event_mistyforest/ui_mistyforest_win_score_add,ui_event_mistyforest
ui_mistyforest_win_score_run,event:/UI/ui_event_mistyforest/ui_mistyforest_win_score_run,ui_event_mistyforest
ui_buy_event_pass,event:/UI/ui_event_mistyforest/ui_buy_event_pass,ui_event_mistyforest
,,
,,
